author,created_utc,id,is_original_content,is_self,link_flair_text,locked,name,num_comments,over_18,permalink,score,selftext,spoiler,stickied,subreddit,title,upvote_ratio,url
MalletsDarker,1516282537.0,7r9ptc,False,False,,False,t3_7r9ptc,2202,False,/r/funny/comments/7r9ptc/i_took_a_few_shots_at_lake_louise_today_and/,202750,,False,False,funny,I took a few shots at Lake Louise today and Google offered me this panorama:,0.97,http://imgur.com/60fTgCg
ReallyRickAstley,1592410647.0,haucpf,True,False,,False,t3_haucpf,19005,False,/r/pics/comments/haucpf/ive_found_a_few_funny_memories_during_lockdown/,438831,,False,False,pics,"I‚Äôve found a few funny memories during lockdown. This is from my 1st tour in 89, backstage in Vegas.",0.99,https://i.redd.it/f58v4g8mwh551.jpg
SomeGuyInDeutschland,1612029638.0,l8rf4k,False,False,YOLO,False,t3_l8rf4k,13936,False,/r/wallstreetbets/comments/l8rf4k/times_square_right_now/,481070,,False,False,wallstreetbets,Times Square right now,0.99,https://v.redd.it/x64z70f7eie61
throwawaynumber53,1604766517.0,jptqj9,False,False,,False,t3_jptqj9,28398,False,/r/news/comments/jptqj9/joe_biden_elected_president_of_the_united_states/,365122,,False,False,news,Joe Biden elected president of the United States,0.88,https://apnews.com/article/election-2020-joe-biden-north-america-national-elections-elections-7200c2d4901d8e47f1302954685a737f
serventofgaben,1491051474.0,62sjuh,False,False,,False,t3_62sjuh,5106,False,/r/movies/comments/62sjuh/the_senate_upvote_this_so_that_people_see_it_when/,431977,,False,False,movies,"The Senate. Upvote this so that people see it when they Google ""The Senate"".",0.97,http://i.imgur.com/ChYwfMq.jpg
the_Diva,1514430055.0,7mjw12,False,False,,False,t3_7mjw12,2454,False,/r/funny/comments/7mjw12/my_cab_driver_tonight_was_so_excited_to_share/,308586,,False,False,funny,My cab driver tonight was so excited to share with me that he‚Äôd made the cover of the calendar. I told him I‚Äôd help let the world see,0.97,https://i.redd.it/tojcmbvjwk601.jpg
vrweensy,1611841234.0,l6wu59,False,False,News,False,t3_l6wu59,12892,False,/r/wallstreetbets/comments/l6wu59/upvote_so_everyone_sees_we_got_support/,336079,,False,False,wallstreetbets,UPVOTE so everyone sees we got SUPPORT,0.98,https://i.redd.it/sgoqy8nyt2e61.png
rextraneous,1591547255.0,gyfedz,False,False,#2 MotW,False,t3_gyfedz,4205,False,/r/memes/comments/gyfedz/a_short_story/,401346,,False,False,memes,A short story,0.99,https://i.redd.it/70zdjiilli351.jpg
iH8myPP,1480959674.0,5gn8ru,False,False,Best of 2016 Winner,False,t3_5gn8ru,4943,False,/r/funny/comments/5gn8ru/guardians_of_the_front_page/,283993,,False,False,funny,Guardians of the Front Page,0.97,http://i.imgur.com/OOFRJvr.gifv
patientbearr,1522529533.0,88ll08,False,False,,False,t3_88ll08,11402,False,/r/videos/comments/88ll08/this_is_what_happens_when_one_company_owns_dozens/,297527,,False,False,videos,This is what happens when one company owns dozens of local news stations,0.97,https://youtu.be/hWLjYJ4BzvI
FootLoosePickleJuice,1532051078.0,90bu6w,False,False,,False,t3_90bu6w,4282,False,/r/aww/comments/90bu6w/heat_index_was_110_degrees_so_we_offered_him_a/,329299,,False,False,aww,Heat index was 110 degrees so we offered him a cold drink. He went for a full body soak instead,0.99,https://v.redd.it/gyh95hiqc0b11
DeepFuckingValue,1611867983.0,l78uct,False,False,YOLO,False,t3_l78uct,23129,False,/r/wallstreetbets/comments/l78uct/gme_yolo_update_jan_28_2021/,297361,,False,False,wallstreetbets,GME YOLO update ‚Äî Jan 28 2021,0.98,https://i.redd.it/opzucppb15e61.png
onyxandcake,1584119279.0,fi2zjs,False,False,,False,t3_fi2zjs,15684,False,/r/pics/comments/fi2zjs/if_this_is_you_fuck_you/,271993,,False,False,pics,If this is you: Fuck you,0.96,https://i.redd.it/b9hkx5md2hm41.jpg
BlackAdder7,1598352840.0,ig9u4z,False,False,#1 MotW,False,t3_ig9u4z,3271,False,/r/memes/comments/ig9u4z/she_did_her_best_ok/,337264,,False,False,memes,She did her best ok?,0.99,https://i.redd.it/g4vm7de3q4j51.jpg
SrGrafo,1563035293.0,ccr8c8,False,False,,False,t3_ccr8c8,3568,False,/r/gaming/comments/ccr8c8/take_your_time_you_got_this/,269750,,False,False,gaming,"Take your time, you got this",0.98,https://i.redd.it/5ugttvttk3a31.jpg
i_hate_kitten,1594826369.0,hrpgzt,False,False,,False,t3_hrpgzt,12694,False,/r/gifs/comments/hrpgzt/leaked_drone_footage_of_shackled_and_blindfolded/,282924,,False,False,gifs,Leaked Drone footage of shackled and blindfolded Uighur Muslims led from trains. As a German this is especially chilling.,0.96,https://gfycat.com/welldocumentedgrizzledafricanwilddog
,1507061450.0,7431qq,False,False,,False,t3_7431qq,8683,False,/r/funny/comments/7431qq/gas_station_worker_takes_precautionary_measures/,263334,,False,False,funny,Gas station worker takes precautionary measures after customer refused to put out his cigarette,0.97,https://gfycat.com/ResponsibleJadedAmericancurl
,1591735145.0,gzvmsr,False,False,üìåFollow Up,False,t3_gzvmsr,16656,False,/r/PublicFreakout/comments/gzvmsr/everybodys_trying_to_shame_us/,293325,,False,False,PublicFreakout,"""Everybody's trying to shame us""",0.94,https://v.redd.it/w56rwny74y351
pdmcmahon,1490560408.0,61ns2w,False,False,,False,t3_61ns2w,8586,False,/r/pics/comments/61ns2w/private_internet_access_a_vpn_provider_takes_out/,258404,,False,False,pics,"Private Internet Access, a VPN provider, takes out a full page ad in The New York Time calling out 50 senators.",0.96,http://i.imgur.com/GJYYNle.jpg
Theon_Graystark,1591709669.0,gzn8tj,False,False,Protest,False,t3_gzn8tj,11688,False,/r/pics/comments/gzn8tj/at_a_protest_in_arizona/,255631,,False,False,pics,At a protest in Arizona,0.96,https://i.redd.it/v8y89qbj0w351.jpg
GovSchwarzenegger,1595961815.0,hzkbop,False,False,,False,t3_hzkbop,3547,False,/r/aww/comments/hzkbop/meet_the_newest_member_of_the_family_dutch/,285035,,False,False,aww,"Meet the newest member of the family, Dutch!",0.98,https://i.redd.it/fj8vqooc8nd51.jpg
Tibujon,1505015888.0,6z699p,False,False,,False,t3_6z699p,1989,False,/r/pics/comments/6z699p/my_dad_waits_every_year_for_the_day_the_sun_rises/,250394,,False,False,pics,"My dad waits every year for the day the sun rises just right and reflects along the railroad tracks, Today was that day!",0.97,https://www.flickr.com/photos/zaruka/36978499711/
theonlymexicanman,1584290523.0,fj45ih,False,False,,False,t3_fj45ih,1966,False,/r/memes/comments/fj45ih/this_house_aint_big_enough_for_the_six_of_us/,296619,,False,False,memes,This house ain‚Äôt big enough for the six of us,0.99,https://i.redd.it/x4s2e60m7vm41.jpg
DeepFuckingValue,1611954285.0,l846a1,False,False,YOLO,False,t3_l846a1,20024,False,/r/wallstreetbets/comments/l846a1/gme_yolo_monthend_update_jan_2021/,262393,,False,False,wallstreetbets,GME YOLO month-end update ‚Äî Jan 2021,0.97,https://i.redd.it/r557em3t5ce61.png
GGezpzMuppy,1589278939.0,gi8l07,False,False,#1 MotW,False,t3_gi8l07,1863,False,/r/memes/comments/gi8l07/they_what/,291229,,False,False,memes,They what???,0.99,https://i.imgur.com/KpwIuSO.png
finestjun,1577652148.0,ehb706,False,False,,False,t3_ehb706,2208,False,/r/aww/comments/ehb706/ever_since_my_niece_saw_toy_story_she_shouts_im/,273161,,False,False,aww,"Ever since my niece saw Toy Story, she shouts ‚ÄúI‚Äôm leaving!‚Äù and then peeks at her room like this",0.97,https://i.redd.it/nbf6kvcbwm741.jpg
a-horse-has-no-name,1611864881.0,l77fdv,False,False,,False,t3_l77fdv,6676,False,/r/pics/comments/l77fdv/twelve_years_ago_the_world_was_bankrupted_and/,249892,,False,False,pics,"Twelve years ago, the world was bankrupted and Wall Street celebrated with champagne.",0.95,https://i.redd.it/f8w05ja8s4e61.png
Romobyl,1513711444.0,7kvjuz,False,False,,False,t3_7kvjuz,4751,False,/r/funny/comments/7kvjuz/the_conversation_my_son_and_i_will_have_on/,237023,,False,False,funny,The conversation my son and I will have on Christmas Eve.,0.94,https://i.imgur.com/yH25jLZ.gifv
RavenRosie,1599588318.0,ioyntd,False,False,,False,t3_ioyntd,5565,False,/r/pics/comments/ioyntd/oregon_wildfires_making_it_look_straight/,236317,,False,False,pics,Oregon wildfires making it look straight apocalyptic,0.98,https://i.redd.it/c4d2tvxsryl51.jpg
MECHASCHMECK,1583335842.0,fdemc6,False,False,,False,t3_fdemc6,5942,False,/r/pics/comments/fdemc6/2500_mile_flight_2_hour_drive_6_hour_hike_and_my/,235286,,False,False,pics,"2500 mile flight, 2 hour drive, 6 hour hike, and my wife is at rest.",0.91,https://i.redd.it/jxxn2s6jbok41.jpg
GallowBoob,1589130820.0,gh5c5i,False,False,‚¨ÜÔ∏èTOP POST ‚¨ÜÔ∏è,True,t3_gh5c5i,10404,False,/r/nextfuckinglevel/comments/gh5c5i/this_man_jogged_2_miles_through_his_neighborhood/,263409,,False,False,nextfuckinglevel,This man jogged 2 miles through his neighborhood carrying a TV in his hands to prove that ‚Äúlooking like a suspect‚Äù who committed a robbery isn‚Äôt a good enough excuse for the murder of Ahmaud Arbery. Neighbors waived hello to him as he jogged.,0.95,https://v.redd.it/hxxifx1a0zx41
Thibson34,1586870744.0,g15hel,False,False,,False,t3_g15hel,6915,False,/r/PrequelMemes/comments/g15hel/every_day_general_grievous_adds_a_unique/,253578,,False,False,PrequelMemes,Every day General Grievous adds a unique lightsaber to his collection. Day 66(Finale): Every u/Raymesiris suggestion.,0.97,https://i.redd.it/pmdwpyuwbss41.jpg
hoosakiwi,1601615057.0,j3oj21,False,False,FLOTUS too,False,t3_j3oj21,33331,False,/r/news/comments/j3oj21/president_donald_trump_says_he_has_tested/,233320,,False,False,news,President Donald Trump says he has tested positive for coronavirus,0.94,https://www.cnbc.com/2020/10/02/president-donald-trump-says-he-has-tested-positive-for-coronavirus.html
,1596546444.0,i3izcv,False,False,,False,t3_i3izcv,18947,False,/r/pics/comments/i3izcv/first_day_of_school_in_a_georgia_town_one_of_the/,231904,,False,False,pics,First day of school in a Georgia town. One of the biggest virus hot zones in the world.,0.93,https://i.redd.it/sp44ts8rize51.jpg
Itsjorgehernandez,1478651245.0,5bx4bx,False,False,election 2016,False,t3_5bx4bx,6025,False,/r/pics/comments/5bx4bx/thanks_obama/,230832,,False,False,pics,"Thanks, Obama.",0.91,https://i.reddituploads.com/58986555f545487c9d449bd5d9326528?fit=max&h=1536&w=1536&s=c15543d234ef9bbb27cb168b01afb87d
smell1s,1591214884.0,gw1jbg,False,False,/r/ALL,False,t3_gw1jbg,3104,False,/r/interestingasfuck/comments/gw1jbg/in_england_you_sometimes_see_these_wavy_brick/,255200,,False,False,interestingasfuck,"In England you sometimes see these ""wavy"" brick fences. And curious as it may seem, this shape uses FEWER bricks than a straight wall. A straight wall needs at least two layers of bricks to make is sturdy, but the wavy wall is fine thanks to the arch support provided by the waves.",0.99,https://i.redd.it/3w64cq5a5r251.jpg
FreeSpeechWarrior,1549640421.0,aohpmo,False,False,,False,t3_aohpmo,6248,False,/r/pics/comments/aohpmo/given_that_reddit_just_took_a_150_million/,228921,,False,False,pics,"Given that reddit just took a $150 million investment from a Chinese censorship powerhouse, I thought it would be nice to post this picture of ""Tank Man"" at Tienanmen Square before our new glorious overlords decide we cannot post it anymore.",0.94,https://i.redd.it/luk4bhymxbf21.jpg
Yabba_Dabbs,1608923250.0,kk478s,False,False,,False,t3_kk478s,5501,False,/r/gaming/comments/kk478s/my_parents_late_70s_got_me_a_ps5_controller_for/,241195,,False,False,gaming,My parents (late 70s) got me a ps5 controller for Christmas. I do not own a playstation 5...,0.94,https://i.redd.it/0xotzavbtd761.jpg
springfart,1543628242.0,a1yofz,False,False,,False,t3_a1yofz,2193,False,/r/gaming/comments/a1yofz/i_got_off_the_horse_by_accident_right_before_a/,227163,,False,False,gaming,I got off the horse by accident right before a cutscene in red dead,0.97,https://gfycat.com/HopefulBriefFlickertailsquirrel
SageMo,1570653917.0,dfn3yi,False,False,,False,t3_dfn3yi,9437,False,/r/news/comments/dfn3yi/blizzard_employees_staged_a_walkout_after_the/,226326,,False,False,news,Blizzard Employees Staged a Walkout After the Company Banned a Gamer for Pro-Hong Kong Views,0.97,https://www.thedailybeast.com/blizzard-employees-staged-a-walkout-to-protest-banned-pro-hong-kong-gamer
keeganhall,1602020849.0,j6ed00,False,False,,False,t3_j6ed00,4723,False,/r/nextfuckinglevel/comments/j6ed00/this_pencil_drawing_took_me_over_250_hours_to/,270366,,False,False,nextfuckinglevel,This pencil drawing took me over 250 hours to complete.,0.97,https://i.redd.it/h9bf2norojr51.jpg
Exclamation_Marc,1601231638.0,j0w79j,False,False,,False,t3_j0w79j,2799,False,/r/funny/comments/j0w79j/the_denver_broncos_have_the_entire_town_of_south/,226357,,False,False,funny,The Denver Broncos have the entire town of ‚ÄòSouth Park‚Äô in the stands for today‚Äôs NFL game.,0.95,https://i.redd.it/x9h34hp8iqp51.jpg
blityc,1604414249.0,jnbc9d,False,False,#1 MotW,False,t3_jnbc9d,2846,False,/r/memes/comments/jnbc9d/i_feel_privileged/,277478,,False,False,memes,I feel privileged,0.98,https://i.redd.it/ttfhavjmd1x51.png
RadonLab,1599044464.0,il4o88,False,False,,False,t3_il4o88,1768,False,/r/nextfuckinglevel/comments/il4o88/i_carved_and_gifted_the_terminator_pipe_to_arnold/,251157,,False,False,nextfuckinglevel,"I carved and gifted the ""Terminator pipe"" to Arnold birthday and he sent me a photo.",0.98,https://i.redd.it/fzp7026ztpk51.jpg
TurnipTimeMyGuys,1592069366.0,h8br11,False,False,,False,t3_h8br11,3155,False,/r/pics/comments/h8br11/this_is_the_worst_picture_ever_taken_of_me/,224020,,False,False,pics,This is the worst picture ever taken of me,0.97,https://i.redd.it/2grm0ms5pp451.png
foxeydog,1565569541.0,cp4sce,False,False,,False,t3_cp4sce,4671,False,/r/pics/comments/cp4sce/democracy_now/,223579,,False,False,pics,DEMOCRACY NOW,0.97,https://i.redd.it/6tcarmtiwwf31.jpg
notmelaniatrump,1585442967.0,fqwind,False,False,,False,t3_fqwind,2267,False,/r/pics/comments/fqwind/after_11_hospital_days_and_losing_12kg_my_78yr/,223442,,False,False,pics,"After 11 hospital days and losing 12kg, my 78yr old dad is home and recovered from Covid in Madrid!",0.95,https://i.redd.it/lal8n9oeeip41.jpg
,1486400800.0,5sfexx,False,False,backstory,False,t3_5sfexx,4319,False,/r/pics/comments/5sfexx/this_is_shelia_fredrick_a_flight_attendant_she/,222804,,False,False,pics,"This is Shelia Fredrick, a flight attendant. She noticed a terrified girl accompanied by an older man. She left a note in the bathroom on which the victim wrote that she needed help. The police was alerted & the girl was saved from a human trafficker. We should honor our heroes.",0.95,https://i.reddituploads.com/d1e77b5c62694624ba7235a57431f070?fit=max&h=1536&w=1536&s=b3103272b2bf369f5c42396b09c4caf8
ShoddySubstance,1546376787.0,ablzuq,False,True,,False,t3_ablzuq,7950,False,/r/AskReddit/comments/ablzuq/people_who_havent_pooped_in_2019_yet_why_are_you/,221995,,False,False,AskReddit,"People who haven't pooped in 2019 yet, why are you still holding on to last years shit?",0.91,https://www.reddit.com/r/AskReddit/comments/ablzuq/people_who_havent_pooped_in_2019_yet_why_are_you/
Pringles__,1584798264.0,fmf637,False,False,#1 MotW,False,t3_fmf637,1501,False,/r/memes/comments/fmf637/we_are_doomed/,252511,,False,False,memes,We are doomed,0.99,https://i.redd.it/vmadxu8d51o41.jpg
System32Comics,1568139947.0,d2bwot,False,False,Verified,False,t3_d2bwot,2450,False,/r/funny/comments/d2bwot/printers/,220613,,False,False,funny,Printers,0.97,https://i.redd.it/jlx9wokn7tl31.jpg
does-it-mater,1611841751.0,l6x130,False,True,Discussion,False,t3_l6x130,17936,False,/r/wallstreetbets/comments/l6x130/class_action_against_robinhood_allowing_people_to/,227644,"LEAVE ROBINHOOD. They dont deserve to make money off us after the millions they caused in losses. It might take a couple of days, but send Robinhood to the ground and GME to the moon.",False,False,wallstreetbets,"CLASS ACTION AGAINST ROBINHOOD. Allowing people to only sell is the definition of market manipulation. A class action must be started, Robinhood has made plenty of money off selling info about our trades to the hedge funds to be able to pay out a little for causing people to loose money now",0.97,https://www.reddit.com/r/wallstreetbets/comments/l6x130/class_action_against_robinhood_allowing_people_to/
gumball_Jones,1611148604.0,l18yys,False,False,,False,t3_l18yys,11685,False,/r/news/comments/l18yys/trump_has_left_the_white_house_for_the_last_time/,222634,,False,False,news,Trump has left the White House for the last time as President,0.82,https://edition.cnn.com/politics/live-news/biden-harris-inauguration-day-2021/h_3a1320a33c4bca4445d129010660144c
keenfeed,1611963659.0,l881ia,False,False,Meme,False,t3_l881ia,4622,False,/r/wallstreetbets/comments/l881ia/its_treason_then/,244493,,False,False,wallstreetbets,It‚Äôs treason then,0.98,https://i.redd.it/d3t66lv1yce61.jpg
RudyWillingham,1596150852.0,i0wgoo,False,False,,False,t3_i0wgoo,1556,False,/r/funny/comments/i0wgoo/just_increased_my_cars_value_by_1_billion_dollars/,219447,,False,False,funny,Just increased my car‚Äôs value by 1 billion dollars,0.96,https://v.redd.it/wa4bmlccu2e51
Yorkshire45,1549676620.0,aonp75,False,True,,False,t3_aonp75,2060,False,/r/Showerthoughts/comments/aonp75/whoever_created_the_tradition_of_not_seeing_the/,219178,Damn... this got big...,False,False,Showerthoughts,Whoever created the tradition of not seeing the bride in the wedding dress beforehand saved countless husbands everywhere from hours of dress shopping and will forever be a hero to all men.,0.96,https://www.reddit.com/r/Showerthoughts/comments/aonp75/whoever_created_the_tradition_of_not_seeing_the/
Joe-Russo,1531068205.0,8x2pyo,False,False,Time Stone,True,t3_8x2pyo,30408,False,/r/thanosdidnothingwrong/comments/8x2pyo/reddit_thanos_has_a_message_for_you/,223043,,False,False,thanosdidnothingwrong,"Reddit, Thanos has a message for you...",0.95,https://v.redd.it/tqiynxb26r811
DaFunkJunkie,1610200681.0,ktrcoo,False,False,,False,t3_ktrcoo,10703,False,/r/pics/comments/ktrcoo/how_it_started_and_how_its_going/,223633,,False,False,pics,How it started and how it‚Äôs going,0.88,https://i.redd.it/mpmyvq8tbba61.jpg
Zlecklamar,1592744849.0,hd6nhx,False,False,#3 MotW,False,t3_hd6nhx,1040,False,/r/memes/comments/hd6nhx/hmmmmmmmmmm/,256653,,False,False,memes,Hmmmmmmmmmm,0.99,https://i.redd.it/c06hvlfni9651.jpg
Speedbird235,1591049466.0,guua33,False,False,,False,t3_guua33,3764,False,/r/nextfuckinglevel/comments/guua33/nickelodeon_went_off_the_air_for_a_full_8_minutes/,244023,,False,False,nextfuckinglevel,Nickelodeon went off the air for a full 8 minutes and 46 seconds to protest police brutality,0.95,https://v.redd.it/rt3z27ndhd251
Bombaskos,1517417352.0,7ub9ax,False,False,,False,t3_7ub9ax,3150,False,/r/mildlyinteresting/comments/7ub9ax/local_mexican_restaurant_used_to_be_a_chinese/,245219,,False,False,mildlyinteresting,"Local Mexican restaurant used to be a Chinese restaurant. Instead of painting over a mural, they just put sombreros on the pandas.",0.99,https://i.imgur.com/J4bFtuY.jpg
Toll_House69,1588707837.0,ge4l65,False,False,,False,t3_ge4l65,1829,False,/r/funny/comments/ge4l65/my_grandma_wanted_some_creative_grad_photos_of_my/,217211,,False,False,funny,My grandma wanted some ‚Äúcreative‚Äù grad photos of my friend since we‚Äôre graduating at the same time. This was her least favorite,0.96,https://i.redd.it/gsnsg2xj20x41.jpg
PresidentObama,1346270496.0,z1c9z,False,True,,False,t3_z1c9z,22842,False,/r/IAmA/comments/z1c9z/i_am_barack_obama_president_of_the_united_states/,216189,"Hi, I‚Äôm Barack Obama, President of the United States. Ask me anything. I‚Äôll be taking your questions for half an hour starting at about 4:30 ET.

Proof it's me: https://twitter.com/BarackObama/status/240903767350968320

We're running early and will get started soon.

UPDATE: Hey everybody - this is barack. Just finished a great rally in Charlottesville, and am looking forward to your questions. At the top, I do want to say that our thoughts and prayers are with folks who are dealing with Hurricane Isaac in the Gulf, and to let them know that we are going to be coordinating with state and local officials to make sure that we give families everything they need to recover.

Verification photo: http://i.imgur.com/oz0a7.jpg

LAST UPDATE: I need to get going so I'm back in DC in time for dinner. But I want to thank everybody at reddit for participating - this is an example of how technology and the internet can empower the sorts of conversations that strengthen our democracy over the long run. AND REMEMBER TO VOTE IN NOVEMBER - if you need to know how to register, go to http://gottaregister.com. By the way, if you want to know what I think about this whole reddit experience - NOT BAD!

http://www.barackobama.com/reddit
[edit: link fixed by staff]",False,False,IAmA,"I am Barack Obama, President of the United States -- AMA",0.68,https://www.reddit.com/r/IAmA/comments/z1c9z/i_am_barack_obama_president_of_the_united_states/
MohanBhargava,1591616813.0,gyxtur,False,False,,False,t3_gyxtur,4834,False,/r/nextfuckinglevel/comments/gyxtur/a_man_of_focus_commitment_and_sheer_will/,237630,,False,False,nextfuckinglevel,"A man of focus, commitment and sheer will",0.95,https://i.redd.it/i7fofecfco351.jpg
effectivepep,1550366784.0,arfjs5,False,False,Picture of text,False,t3_arfjs5,2524,False,/r/pics/comments/arfjs5/this_person_sold_their_vhs_player_on_ebay_and_got/,215836,,False,False,pics,This person sold their VHS player on eBay and got a surprise letter in the mailbox.,0.89,https://i.imgur.com/73ZJIme.jpg
iKojan,1554926298.0,bbql1i,False,False,,False,t3_bbql1i,6212,False,/r/pics/comments/bbql1i/this_is_dr_katie_bouman_the_computer_scientist/,215620,,False,False,pics,This is Dr Katie Bouman the computer scientist behind the first ever image of a black-hole. She developed the algorithm that turned telescopic data into the historic photo we see today.,0.91,https://i.redd.it/shhy0jzoshr21.jpg
iamnobodyelsel,1580644695.0,exng3g,False,False,,False,t3_exng3g,1788,False,/r/aww/comments/exng3g/bunnies_flop_over_when_they_feel_completely_safe/,241835,,False,False,aww,Bunnies flop over when they feel completely safe,0.99,https://v.redd.it/trn6nvka2ie41
Doorman3000,1531181763.0,8xia82,False,True,Power Stone,False,t3_8xia82,18744,False,/r/thanosdidnothingwrong/comments/8xia82/vote_upwards_if_youre_still_unbanned_to_flex_on/,218089,Edit: STILL HERE BABY WHOOOOOOOOOOOO,False,False,thanosdidnothingwrong,VOTE UPWARDS IF YOU'RE STILL UNBANNED TO FLEX ON SNAPPENED USERS,0.88,https://www.reddit.com/r/thanosdidnothingwrong/comments/8xia82/vote_upwards_if_youre_still_unbanned_to_flex_on/
tazijade,1584540665.0,fkq3qb,False,False,,False,t3_fkq3qb,6190,False,/r/pics/comments/fkq3qb/i_decided_to_finally_go_vaccinated_behind_my/,213964,,False,False,pics,I decided to finally go vaccinated behind my anti-vax parent's back! :),0.89,https://i.redd.it/83sx1koevfn41.jpg
kakara92,1604574565.0,jogzsr,False,False,#2 MotW,False,t3_jogzsr,1535,False,/r/memes/comments/jogzsr/whos_donald_biden/,245513,,False,False,memes,Who's Donald Biden?,0.97,https://i.redd.it/63l9c85hmex51.jpg
headee,1580067478.0,eubjfc,False,False,,False,t3_eubjfc,20201,False,/r/news/comments/eubjfc/kobe_bryant_killed_in_helicopter_crash_in/,213685,,False,False,news,Kobe Bryant killed in helicopter crash in California,0.91,https://www.fox5dc.com/news/kobe-bryant-killed-in-helicopter-crash-in-california-tmz-reports
PoliticsModeratorBot,1604766484.0,jptq5n,False,True,Megathread,False,t3_jptq5n,81678,False,/r/politics/comments/jptq5n/megathread_joe_biden_projected_to_defeat/,214314,"Former Vice President Joseph Biden has secured the 270 electoral votes necessary to defeat President Donald Trump and become the 46th President of the United States, according to multiple sources.

---

##Submissions that may interest you

SUBMISSION | DOMAIN
---|----
[Biden defeats Trump to win White House, NBC News projects](https://www.nbcnews.com/politics/2020-election/biden-defeats-trump-win-white-house-nbc-news-projects-n1246912) | nbcnews.com
[US election 2020: Joe Biden projected to beat Donald Trump and become next president](http://news.sky.com/story/us-election-2020-joe-biden-projected-to-beat-donald-trump-and-become-next-president-12123216) | news.sky.com
[Joe Biden Presidential Election Win Over Trump](https://www.buzzfeednews.com/article/nidhiprakash/biden-won-2020-election-trump-lost?utm_source=dynamic&utm_campaign=bftwbuzzfeed&ref=bftwbuzzfeed) | buzzfeednews.com
[Joe Biden to become the 46th president of the United States, CNN projects](https://www.cnn.com/2020/11/07/politics/joe-biden-wins-us-presidential-election) | cnn.com
[Election results live: Biden wins the presidency, defeats Trump](https://www.businessinsider.com/joe-biden-wins-general-election-against-donald-trump-2020-11) | businessinsider.com
[Joe Biden to become the 46th president of the United States, CNN projects](https://www.cnn.com/2020/11/07/politics/joe-biden-wins-us-presidential-election/index.html) | cnn.com
[Joe Biden is projected to defeat incumbent Donald Trump in the presidential election](https://www.cnbc.com/2020/11/07/2020-election-winner-biden-final-count-results.html?__source=iosappshare%7Ccom.apple.UIKit.activity.PostToTwitter) | cnbc.com
[CNN projects Joe Biden has won the 2020 Presidential Race](https://www.cnn.com/election/2020/results/state/pennsylvania/president?iid=politics_election_crm) | cnn.com
[Joe Biden is projected to defeat incumbent Donald Trump in the presidential election](https://www.cnbc.com/amp/2020/11/07/2020-election-winner-biden-final-count-results.html?__twitter_impression=true) | cnbc.com
[Democrats Waste No Time Punching Left in the Wake of Biden‚Äôs Win](https://theintercept.com/2020/11/06/election-biden-democrats-progressives/) | theintercept.com
[Biden edges closer to win as Pennsylvania focus intensifies](https://apnews.com/article/Biden-Trump-US-election-2020-results-fd58df73aa677acb74fce2a69adb71f9) | apnews.com
[How Indigenous voters swung the 2020 election - In Arizona and Wisconsin, Native turnout ‚Äî which often leans liberal ‚Äî made the difference in Biden‚Äôs slim but winning margin.](https://www.hcn.org/articles/indigenous-affairs-how-indigenous-voters-swung-the-2020-election) | hcn.org
[Joe Biden elected president of the United States](https://apnews.com/article/election-2020-joe-biden-north-america-national-elections-elections-7200c2d4901d8e47f1302954685a737f) | apnews.com
[Joe Biden Wins Pennsylvania, Clinching Presidency in Historic Comeback](https://www.nbcphiladelphia.com/news/politics/decision-2020/joe-biden-wins-pennsylvania-clinching-presidency-in-historic-comeback/2581293/) | nbcphiladelphia.com
[Joe Biden elected president of the United States](https://www.npr.org/2020/11/07/928803493/biden-wins-presidency-according-to-ap-edging-trump-in-turbulent-race?utm_term=nprnews&utm_medium=social&utm_source=twitter.com&utm_campaign=npr) | npr.org
[Biden wins](https://www.nytimes.com/interactive/2020/11/03/us/elections/results-president.html?action=click&pgtype=Article&state=default&module=styln-elections-2020&region=TOP_BANNER&context=election_recirc) | nytimes.com
[America Won](https://www.theatlantic.com/ideas/archive/2020/11/joe-biden-wins/616960/) | theatlantic.com
[US election live results: Joe Biden wins, say US media - latest news](https://www.telegraph.co.uk/news/2020/11/07/us-election-results-2020-live-joe-biden-donald-trump-president/) | telegraph.co.uk
[CNN and MSNBC projects President elect Joe Biden](https://www.msnbc.com/msnbc/amp-video/mmvo95509573627?__twitter_impression=true) | msnbc.com
[Biden wins: Democrat who vowed a return to 'normalcy' defeats Trump after cliffhanger election](https://amp.usatoday.com/amp/6168297002) | amp.usatoday.com
[AP calls presidential race for Joe Biden](https://www.khou.com/article/news/politics/elections/ap-calls-presidential-race-for-joe-biden/507-0b004523-a4ed-4965-9154-c3c9b1cb071f) | khou.com
[Biden Wins Election](https://www.nytimes.com/2020/11/07/us/politics/biden-election.amp.html#click=https://t.co/T5oI1lGlIF) | nytimes.com
[Biden defeats Trump](https://www.usatoday.com/story/news/politics/elections/2020/11/07/election-results-biden-trump-pennsylvania-georgia-nevada/6196451002/) | usatoday.com
[It's official, boys](https://www.bbc.com/news/election-us-2020-54836636) | bbc.com
[Biden Wins Presidency, Ending Four Tumultuous Years Under Trump](https://www.nytimes.com/2020/11/07/us/politics/biden-election.html) | nytimes.com
[Colonial Math Can't Alter Puerto Rico's Pro-Statehood Vote](https://www.realclearpolitics.com/articles/2020/11/07/colonial_math_cant_alter_puerto_ricos_pro-statehood_vote.html) | realclearpolitics.com
[Kamala Harris, a Senator of Black and Asian Descent, Is Elected the First Woman Vice President](https://slate.com/news-and-politics/2020/11/kamala-harris-becomes-the-first-woman-vice-president.html) | slate.com
[Joe Biden has officially won the 2020 presidential race](https://apnews.com) | apnews.com
[Joe Biden elected president, AP projects](https://www.axios.com/joe-biden-elected-president-ap-projects-a809cb81-d5ae-4a6d-ac51-50c89f689c25.html) | axios.com
[Joe Biden has won. Here‚Äôs what comes next.](https://www.vox.com/platform/amp/2020/11/6/21534594/joe-biden-wins-2020-presidential-election) | vox.com
[PA goes to Biden. It's over. He's won.](https://graphics.reuters.com/USA-ELECTION/RESULTS-LIVE-US/jbyprxelqpe/) | graphics.reuters.com
[Joe Biden will become the 46th US President](https://elections.ap.org/widgets/content/57db08051921d7d408478f7a7c086dda) | elections.ap.org
[Joe Biden Projected to Win 2020 Election, Per Associated Press](https://www.hollywoodreporter.com/news/joe-biden-projected-to-win-2020-election-per-associated-press) | hollywoodreporter.com
[Joe Biden wins US election after four tumultuous years of Trump presidency](https://www.theguardian.com/us-news/2020/nov/07/joe-biden-wins-us-election-donald-trump-loses-final-result-2020) | theguardian.com
[Biden defeats Trump after flipping key battleground states](https://www.pbs.org/newshour/politics/biden-defeats-trump-after-flipping-key-battleground-states) | pbs.org
[Everyone's so focused on Biden winning, yall are forgetting we're getting our First Female VP!](https://www.npr.org/2020/11/07/930858267/game-changer-kamala-harris-makes-history-as-next-vice-president) | npr.org
[Joe Biden secures presidency, defeating Trump after a long, bitterly contested count](https://www.latimes.com/politics/story/2020-11-07/joe-biden-wins-presidency) | latimes.com
[Joe Biden Wins the Presidential Election](https://www.usnews.com/news/elections/articles/2020-11-07/joe-biden-wins-the-presidential-election-defeating-donald-trump) | usnews.com
[CNN Projection: Joe Biden Wins The Presidency](http://rss.cnn.com/~r/rss/cnn_topstories/~3/Gh4OQFAPN9Q/h_1e0e91d050d44ff57754643e6d9008d2) | rss.cnn.com
[Joe Biden Wins U.S. Presidency After Bitter Contest With Trump](https://www.bloomberg.com/news/articles/2020-11-07/joe-biden-wins-u-s-presidency-after-bitter-contest-with-trump) | bloomberg.com
[How Biden has been elected president](https://news.sky.com/story/amp/us-election-2020-joe-biden-projected-to-beat-donald-trump-and-become-next-president-12123216) | news.sky.com
[Biden to be the 46th US President](https://www.reuters.com/article/idUSKBN27N08J) | reuters.com
[Joe Biden wins the presidential race with his victory in Pennsylvania](https://www.bbc.com/news/election/us2020/results) | bbc.com
[Joe Biden has won the election and become the 46th president, we survived 4 years of Trump.](https://apnews.com/article/election-2020-joe-biden-donald-trump-virginia-media-ee442a479ad8a9a4ca28ae085c2f339b) | apnews.com
[Biden wins White House, vowing new direction for divided U.S.](https://www.japantimes.co.jp/news/2020/11/08/world/politics-diplomacy-world/biden-wins-us-election/) | japantimes.co.jp
[Joe Biden elected 46th President of The United States](https://amp.theguardian.com/us-news/ng-interactive/2020/nov/07/us-election-2020-live-results-donald-trump-joe-biden-presidential-votes-pennsylvania-georgia-arizona-nevada) | amp.theguardian.com
[Harris becomes the first female, first Black and first South Asian vice president-elect](https://edition.cnn.com/2020/11/07/politics/kamala-harris-first-vice-president-female-black-south-asian/index.html) | edition.cnn.com
[Fox News projects Biden to defeat Trump, become 46th president after winning Nevada, Pennsylvania](https://www.foxnews.com/elections/2020/general-results/) | foxnews.com
[Fox News projects: Biden wins presidency, Trump denied second term in White House](https://www.foxnews.com/politics/biden-wins-presidency-trump-fox-news-projects) | foxnews.com
[Biden declared winner of 2020 presidential election.](https://www.npr.org/2020/10/28/928803493/ap-race-call-joe-biden-is-elected-president-edging-trump-in-turbulent-year) | npr.org
[President Trump is defeated: the timeline is restored](https://www.theverge.com/2020/11/7/21548036/election-2020-joe-biden-wins-president-trump-defeated) | theverge.com
[Joe Biden wins Pennsylvania, becomes president-elect: AP](https://nypost.com/2020/11/07/joe-biden-wins-pennsylvania-presidency/) | nypost.com
[Joe Biden 46th President of the US](https://apnews.com/article/fd58df73aa677acb74fce2a69adb71f9) | apnews.com
[Biden wins presidential race in a deeply divided United States, several networks say](https://www.reuters.com/article/us-usa-election/biden-wins-presidential-race-in-a-deeply-divided-united-states-several-networks-say-idUSKBN27N08J) | reuters.com
[Joe Biden elected 46th president of the United States, AP says](https://www.tampabay.com/news/florida-politics/elections/2020/11/07/joe-biden-elected-46th-president-of-the-united-states-ap-says/) | tampabay.com
[How Joe Biden Won the White House](https://time.com/5907674/joe-biden-wins-2020-election/) | time.com
[Fox News Projects Biden Wins Presidency](https://www.foxnews.com/elections/2020/general-results) | foxnews.com
[Biden wins: Democrat who vowed a return to 'normalcy' defeats Trump after cliffhanger election](https://www.usatoday.com/story/news/politics/elections/2020/11/07/joe-biden-wins-election-president-donald-trump/6168297002/) | usatoday.com
[Joe Biden triumphs over Trump as voters repudiate divisive, bullying president](https://www.washingtonpost.com/politics/joe-biden-elected-president/2020/11/07/53ec8726-1f0b-11eb-ba21-f2f001f0554b_story.html?utm_campaign=wp_main&utm_medium=social&utm_source=facebook) | washingtonpost.com
[Joe Biden is President-Elect: AP Calls Election in Pennsylvania](https://apnews.com/article/biden-trump-us-election-2020-results-fd58df73aa677acb74fce2a69adb71f9) | apnews.com
[Joe Biden: President Elect](https://www.bbc.com/news/election/us2020) | bbc.com
[Biden defeats Trump to win White House, NBC News projects](https://www.nbcnews.com/news/amp/ncna1246912) | nbcnews.com
[Harris becomes first Black woman, South Asian elected VP](https://apnews.com/article/election-2020-race-and-ethnicity-hillary-clinton-police-south-asia-12ddda402cab20c5aafbd7737ac619c8) | apnews.com
[Biden is elected the 46th president and wins Presidency!](https://www.foxnews.com/politics) | foxnews.com
[Kamala Harris Makes History as First Woman and Woman of Color as Vice President](https://www.nytimes.com/2020/11/07/us/politics/kamala-harris.html) | nytimes.com
[US Election 2020: Joe Biden wins the presidency](https://www.bbc.co.uk/news/amp/election-us-2020-54836636) | bbc.co.uk
[Joe Biden Wins Virginia, Minnesota, 8 Other States in Democratic Primaries](https://www.thedailybeast.com/2020-democratic-primary-super-tuesday-results-for-joe-biden) | thedailybeast.com
[Joe Biden wins the 2020 presidential election, CNN projects](https://edition.cnn.com/videos/politics/2020/11/06/joe-biden-wins-2020-election-president-blitzer-elexnight-vpx.cnn) | edition.cnn.com
[Joe Biden projected to win election as 46th president after tough campaign in deeply divided nation](https://www.cbsnews.com/news/joe-biden-wins-2020-election-46th-president-united-states/) | cbsnews.com
[Biden wins election](https://choice.npr.org/index.html?origin=https://www.npr.org/2020/11/07/928803493/biden-wins-presidency-according-to-ap-edging-trump-in-turbulent-race) | choice.npr.org
[Biden poised for U.S. election win as his lead over Trump grows](https://www.reuters.com/article/us-usa-election/biden-poised-for-u-s-election-win-as-his-lead-over-trump-grows-idUSKBN27N08J?il=0) | reuters.com
[Joe Biden is elected 46th president of the United States](https://theweek.com/speedreads/948556/joe-biden-elected-46th-president-united-states) | theweek.com
[Joe Biden is the next president of the United States!](https://apnews.com/hub/election-2020//) | apnews.com
[Presidential Election Called for Joe Biden by AP, Networks](https://www.newsweek.com/presidential-election-called-joe-biden-ap-networks-1545751) | newsweek.com
[Drudge tweets 'You're fired' after Biden projected as winner](https://thehill.com/homenews/media/524936-drudge-tweets-youre-fired-after-biden-projected-as-winner) | thehill.com
[Biden wins US election](https://www.independent.co.uk/news/world/americas/us-election-2020/biden-wins-us-election-live-trump-2020-results-b1621119.html) | independent.co.uk
[Biden wins the presidency](https://www.marketwatch.com/story/joe-biden-wins-u-s-presidency-ap-projects-11604766871) | marketwatch.com
[Joe Biden Defeats Donald Trump to Win the Presidency, Begins His Battle for the 'Soul of the Nation'](https://www.newsweek.com/joe-biden-defeats-donald-trump-win-presidency-begins-his-battle-soul-nation-1542227) | newsweek.com
[Joe Biden wins the White House, leaving Democrats with narrow path to Senate majority](https://www.rollcall.com/2020/11/07/joe-biden-wins-the-white-house-leaving-democrats-with-narrow-path-to-senate-majority/) | rollcall.com
[Joe Biden wins 2020 Presidential Election](https://www.khon2.com/election-2020/joe-biden-wins-2020-presidential-election/) | khon2.com
[CNN's Van Jones brought to tears as Joe Biden wins US election ‚Äì video](https://www.theguardian.com/us-news/video/2020/nov/07/cnn-van-jones-tears-joe-biden-us-election) | theguardian.com
[Scientists relieved as Joe Biden wins tight US presidential election](https://www.nature.com/articles/d41586-020-03158-8) | nature.com
[2020 Latest: Biden wins Nevada after clinching White House](https://lasvegassun.com/news/2020/nov/07/2020-latest-biden-wins-nevada-after-clinching-whit/) | lasvegassun.com
[Joseph R. Biden Jr. wins Nevada.](https://www.nytimes.com/interactive/2020/11/03/us/elections/results-nevada-president.html) | nytimes.com
[President Trump statement on Joe Biden being elected president](https://fox8.com/news/president-trump-statement-on-joe-biden-being-elected-president/) | fox8.com
[Biden wins White House, vowing new direction for divided US](https://apnews.com/article/joe-biden-wins-white-house-ap-fd58df73aa677acb74fce2a69adb71f9) | apnews.com
[Biden wins and what to expect next](https://www.axios.com/biden-wins-election-what-to-expect-4dff7487-6187-480e-b26f-70e0227adc80.html) | axios.com
['Nightmare Coming to an End': Vanquishing Donald Trump, Joe Biden Wins US Presidential Election](https://www.commondreams.org/news/2020/11/07/nightmare-coming-end-vanquishing-donald-trump-joe-biden-wins-us-presidential) | commondreams.org
[Biden calls for unity, healing after capturing the presidency](https://thehill.com/homenews/campaign/524937-biden-calls-for-unity-healing-after-capturing-the-presidency) | thehill.com
[CNN‚Äôs Van Jones Sobs On-Air After Biden Wins: ‚ÄòIt‚Äôs Easier to Be a Dad‚Äô](https://www.thedailybeast.com/cnns-van-jones-sobs-on-air-after-joe-biden-wins-says-its-easier-to-be-a-dad) | thedailybeast.com
[Trump accuses Biden of 'rushing to falsely pose as winner'](https://www.foxnews.com/politics/trump-accuses-president-elect-biden-of-rushing-to-falsely-pose-as-the-winner) | foxnews.com
[Joe Biden defeats President Donald Trump to become 46th president of the United States](https://amp.usatoday.com/amp/6196451002) | amp.usatoday.com
[Biden Elected President, But Trump Disputes Results](https://www.militarytimes.com/news/pentagon-congress/2020/11/07/biden-elected-president-but-trump-disputes-results/) | militarytimes.com
[Joe Biden wins Nevada](https://www.axios.com/biden-trump-nevada-results-election-45cf65d7-a1f2-4e65-8305-710df8546d63.html) | axios.com
[Trump releases statement after Biden wins 2020 election - 'This is far from over'](https://www.independent.co.uk/news/world/americas/us-election-2020/trump-reaction-response-lose-2020-election-biden-b1675260.html) | independent.co.uk
[Trump campaign says ""election is far from over"" after Biden projected winner](https://www.axios.com/trump-biden-win-reaction-election-legal-challenges-9c0a4284-5141-4bec-88df-5e6f041abe28.html) | axios.com
[Joe Biden wins US presidency after defeating Trump in Pennsylvania](https://www.smh.com.au/world/north-america/joe-biden-wins-us-presidency-after-defeating-trump-in-pennsylvania-20201107-p56ceg.html) | smh.com.au
[Joe Biden wins Nevada](https://apnews.com/article/joe-biden-north-america-ap-news-alert-government-and-politics-nevada-483ab8e382f24aa09fa1d0bf6a8b30a9) | apnews.com
[Kamala Harris elected nation‚Äôs first female vice president](https://www.washingtonpost.com/politics/kamala-harris-vice-president/2020/11/07/5e6cb460-1df2-11eb-90dd-abd0f7086a91_story.html?utm_campaign=wp_main&utm_medium=social&utm_source=facebook) | washingtonpost.com
[Election celebrations: People take to the streets following Biden win](https://www.usatoday.com/story/news/politics/elections/2020/11/07/biden-and-harris-win-2020-election-people-celebrate-streets/6202739002/) | usatoday.com
[Biden wins Nevada, keeping battleground in Democrats‚Äô colum](https://apnews.com/article/joe-biden-wins-nevada-ap-38798ed448592b25b7752fd90d01c40f) | apnews.com
[Biden's win sparks street celebrations around the country](https://www.nbcnews.com/politics/2020-election/biden-s-win-sparks-street-celebrations-around-country-n1246922?cid=sm_npd_nn_tw_np) | nbcnews.com
[Joe Biden will be the first president to enter the White House supporting marriage equality](https://www.lgbtqnation.com/2020/11/joe-biden-will-first-president-enter-white-house-supporting-marriage-equality/) | lgbtqnation.com
[Mr. President, you‚Äôre fired](https://www.bostonglobe.com/2020/11/07/opinion/mr-president-youre-fired/) | bostonglobe.com
[Joe Biden wins U.S. presidential election as President Donald Trump contests some results](https://www.cbc.ca/news/world/biden-trump-us-election-saturday-1.5793885) | cbc.ca
[Harris becomes first Black woman, South Asian elected Vice President](https://apnews.com/article/12ddda402cab20c5aafbd7737ac619c8) | apnews.com
['Groundbreaking': Kamala Harris to Become First Black, South Asian Woman Vice President](https://www.newsweek.com/groundbreaking-kamala-harris-becomes-first-black-south-asian-woman-vice-president-1544095) | newsweek.com
[Kamala Harris has made history by becoming the first female US vice-president-elect](https://www.bbc.co.uk/news/election-us-2020-53728050) | bbc.co.uk
[Kamala Harris breaks barriers as America's next vice president](https://www.reuters.com/article/us-usa-election-harris-profile-newsmaker/kamala-harris-breaks-barriers-as-americas-next-vice-president-idUSKBN27N0M3?il=0) | reuters.com
[Vote counting continues, even though Biden declared winner: New Maricopa County vote dump shows Trump eating into Biden's Arizona lead by another 7,000 votes.](https://www.theblaze.com/news/trump-eating-into-bidens-arizona-lead-by-another-7000-votes) | theblaze.com
[Canadian PM Trudeau congratulates Joe Biden on winning U.S. election](https://ca.reuters.com/article/us-usa-election-canada-idCAKBN27N0NX) | ca.reuters.com
[Celebrations erupt across the US as Biden wins election](https://www.independent.co.uk/news/world/americas/us-election/us-election-reaction-president-biden-b1675336.html) | independent.co.uk
[Julia Louis-Dreyfus after Biden win: 'Madam Vice President' is no longer a fictional character](https://thehill.com/blogs/in-the-know/524945-julia-louis-dreyfus-after-biden-win-madam-vice-president-is-no-longer-a?__twitter_impression=true) | thehill.com
[Cheering, Celebrations Erupt In Streets Of New York After Joe Biden Projected To Win Presidency](https://newyork.cbslocal.com/2020/11/07/cheering-celebrations-erupt-in-streets-of-new-york-after-joe-biden-projected-to-win-presidency/) | newyork.cbslocal.com
[Kamala Harris makes history as first woman of color elected US vice-president](https://www.theguardian.com/us-news/2020/nov/07/kamala-harris-first-woman-of-color-us-vice-president?CMP=Share_AndroidApp_Other) | theguardian.com
[Kamala Harris: First female vice president, first woman VP of color](https://www.usatoday.com/story/news/politics/elections/2020/11/07/kamala-harris-first-female-vice-president-first-woman-vp-color/6168492002/) | usatoday.com
[Joe Biden To Address Nation Tonight As President-Elect; ‚ÄúWe Did It,‚Äù Kamala Harris Declares](https://uk.sports.yahoo.com/news/joe-biden-address-nation-tonight-180250945.html?guccounter=1&guce_referrer=aHR0cHM6Ly93d3cuZ29vZ2xlLmNvbS8&guce_referrer_sig=AQAAAKtJIaTz8vnP-QiOILJVcCzvVmHkZQ2dbSoBxqLbxC20qxAIvByFAV03Pg9X653dGaYTuMcSDqQWmbxrZdj-K-Jt_ogPJ7ISMOVYf-o2gGj7cMb2afZwySQrQOENG-8ig_1qnO_-1PMeyrTbRjiAOaDilkR4VhFKE3LGgZUvGMJ0) | uk.sports.yahoo.com
[Joe Biden declared winner of U.S. election after record turnout](https://www.ctvnews.ca/world/america-votes/joe-biden-declared-winner-of-u-s-election-after-record-turnout-ap-1.5179151) | ctvnews.ca
[Will Trump be arrested as Biden gets sworn in as president?](https://www.independent.co.uk/voices/trump-election-response-arrested-biden-b1675984.html) | independent.co.uk
[Trump removed protections from Tongass National Forest, one of the largest intact temperate rainforests, let's upvote and try to reach the New President, Joe Biden so it can be revoked](https://www.washingtonpost.com/climate-environment/2020/10/28/trump-tongass-national-forest-alaska/) | washingtonpost.com
[Biden surpasses 270 votes, wins with almost 300.](https://www.ctvnews.ca/world/america-votes/u-s-election-results-2020) | ctvnews.ca
[Irish President Higgins congratulates Biden on ‚Äòhistoric‚Äô US Election win](https://www.irishtimes.com/news/ireland/irish-news/higgins-congratulates-biden-on-historic-us-election-win-1.4403533) | irishtimes.com
[Biden, His Time: Ex-Obama VP, Toppling Trump, Gets Promotion to President](https://lawandcrime.com/2020-election/biden-his-time-ex-obama-vp-toppling-trump-gets-promotion-to-president/) | lawandcrime.com
[Boris Johnson congratulates Joe Biden on US election win](https://www.bbc.co.uk/news/amp/uk-politics-54840746) | bbc.co.uk
[Harris becomes first Black woman, South Asian elected VP](https://apnews.com/article/kamala-harris-first-black-woman-vp-asian-12ddda402cab20c5aafbd7737ac619c8) | apnews.com
[Joe Biden is already showing he is the right president for the moment](https://www.washingtonpost.com/opinions/2020/11/07/joe-biden-is-already-showing-he-is-right-president-moment/?utm_campaign=wp_opinions&utm_medium=social&utm_source=facebook) | washingtonpost.com
[After Joe Biden win over Donald Trump, relief sweeps U.S.'s traditional allies](https://www.nbcnews.com/politics/2020-election/after-joe-biden-win-over-donald-trump-relief-sweeps-u-n1246725) | nbcnews.com
[Joe Biden has won the presidency](https://www.cbsnews.com/election/2020/president/#app) | cbsnews.com
[Biden's defeat of Trump is the most important win since FDR](https://thehill.com/opinion/campaign/524942-bidens-defeat-of-trump-is-the-most-important-win-since-fdr) | thehill.com
[Foreign leaders offer well wishes to Joe Biden and Kamala Harris after projected win](https://www.cbsnews.com/news/foreign-leaders-offer-well-wishes-to-joe-biden-and-kamala-harris-after-projected-win/) | cbsnews.com
[Boris Johnson congratulates Joe Biden on US election win](https://www.bbc.com/news/uk-politics-54840746) | bbc.com
[Trump Has Never Been More Dangerous Than He Is Now - There‚Äôs a lot of damage he can do to America during the lame-duck period before President-elect Joe Biden's inauguration.](https://newrepublic.com/article/160059/trump-lame-duck-transition-government-sabotage) | newrepublic.com
['Kind of feels surreal': Arizona reacts to Joe Biden's presidential victory](https://www.azcentral.com/story/news/politics/elections/2020/11/07/sinema-mccains-others-react-joe-bidens-presidential-victory/6202984002/) | azcentral.com
[Biden defeats Trump to win presidency](https://thehill.com/homenews/campaign/524222-biden-defeats-trump-to-win-presidency) | thehill.com
[Leaders around the World congratulate Joe Biden‚Äôs election win, look forward to working with America](https://www.reuters.com/article/us-usa-election-global-leaders-factbox/global-leaders-react-to-joe-bidens-election-win-idUSKBN27N0OZ) | reuters.com
[Trudeau congratulates Biden, Harris on defeat of Trump](https://www.thestar.com/politics/federal/2020/11/07/trudeau-congratulates-biden-harris-on-defeat-of-trump.html) | thestar.com
[Cities erupt in cheers, church bells ring after news of Biden's projected win](https://thehill.com/homenews/campaign/524939-cities-erupt-in-cheers-church-bells-ring-after-news-of-bidens-projected-win) | thehill.com
[Joe Biden defeats Donald Trump for president in bitter and historic election](https://abcnews.go.com/Politics/joe-biden-apparent-winner-presidency/story?id=73981165) | abcnews.go.com
[CNN's Van Jones weeps after Biden's win: 'It's easier to be a parent this morning'](https://www.theguardian.com/us-news/2020/nov/07/cnn-van-jones-tears-joe-biden-victory) | theguardian.com
[Biden wins presidential race in deeply divided United States](https://in.reuters.com/article/us-usa-election/biden-wins-presidential-race-in-deeply-divided-united-states-idUSKBN27N08J?utm_source=reddit.com) | in.reuters.com
[Senate Set To Block Joe Biden At Every Turn - He could be the first president in decades without his party in control of Congress.](https://m.huffpost.com/us/entry/us_5fa45612c5b623bfac4d5b28/) | m.huffpost.com
[‚ÄòWelcome Back America!‚Äô World Celebrates Biden-Harris Win](https://www.nbclosangeles.com/news/politics/decision-2020/welcome-back-america-world-celebrates-biden-harris-win/2456405/) | nbclosangeles.com
[Donald Trump‚Äôs statement in full after Joe Biden declared winner - US & Canada](https://www.aljazeera.com/news/2020/11/7/trump-biden-rushing-to-falsely-pose-as-the-winner) | aljazeera.com
['Don't be ridiculous': Rudy Giuliani learns about Biden win from reporters ‚Äì video](https://www.theguardian.com/us-news/video/2020/nov/07/dont-be-ridiculous-rudy-giuliani-learns-about-biden-win-from-reporters-video) | theguardian.com
[Cities erupt in celebration after Biden named winner](https://www.cnn.com/2020/11/07/politics/biden-celebrations-victory-cities/index.html) | cnn.com
[Jill Biden vows Joe Biden ""will be a President for all of our families"" after race is called](https://thehill.com/homenews/campaign/524964-jill-biden-vows-joe-biden-will-be-a-president-for-all-of-our-families-after) | thehill.com
[Barack and Michelle Obama congratulate Joe Biden on his presidential victory: 'Could not be prouder'](https://www.businessinsider.com/barack-obama-congratulates-joe-biden-on-his-presidential-victory-2020-11) | businessinsider.com
[Biden Campaign Spent $125 Million on Latino Voters, Who Helped Him Win Arizona](https://www.newsweek.com/exclusive-biden-campaign-spent-125-million-latino-voters-who-helped-him-win-arizona-1543362?utm_term=Autofeed&utm_medium=Social&utm_source=Twitter#Echobox=1604777662) | newsweek.com
[Racism, sexism and a victory. How Kamala Harris made history as Joe Biden‚Äôs vice president](https://www.mcclatchydc.com/news/politics-government/election/article246786902.html) | mcclatchydc.com
[Biden win sparks smattering of protests; most stay peaceful](https://apnews.com/article/election-2020-joe-biden-virus-outbreak-arizona-michigan-cc7e4298261cb6b2254507cea6e98ac9) | apnews.com
[BREAKING NEWS: Biden Elected President, According To AP, Edging Trump In Close Race : Up First](https://www.npr.org/2020/11/07/932484609/breaking-news-biden-elected-president-according-to-ap-edging-trump-in-close-race) | npr.org
[U.S. allies greet Biden as next president despite Trump refusal to concede](https://www.reuters.com/article/us-usa-election-global-reaction-idUSKBN27N0T8) | reuters.com
[US election live updates: Joe Biden set to become next president of the United States](https://www.abc.net.au/news/2020-11-08/use-election-live-donald-trump-joe-biden-pennsylvania/12861010) | abc.net.au
[Trump and family silent for hours after Biden wins election](https://www.independent.co.uk/news/world/americas/us-election-2020/trump-twitter-family-biden-election-win-b1678421.html) | independent.co.uk
[Biden's first move as president-elect will be to announce a new coronavirus task force in coming days: report](https://www.businessinsider.com/biden-to-announce-a-new-coronavirus-task-force-on-monday-2020-11) | businessinsider.com
[Trudeau, party leaders congratulate president-elect Joe Biden on U.S. election victory](https://www.cbc.ca/news/politics/trudeau-congratulates-joe-biden-1.5794006) | cbc.ca
[Joe Biden wins Pennsylvania, is projected to be first Syracuse University alum elected president](https://www.syracuse.com/politics/2020/11/joe-biden-wins-pennyslvania-is-projected-to-be-first-syracuse-university-alum-elected-president.html) | syracuse.com
[Joe Biden wins U.S. presidential election as President Donald Trump contests some results](https://www.cbc.ca/amp/1.5793885) | cbc.ca
[Trudeau congratulates Biden, Harris on defeat of Trump](https://www.thestar.com/amp/politics/federal/2020/11/07/trudeau-congratulates-biden-harris-on-defeat-of-trump.html) | thestar.com
[Celebrations erupt in major U.S. cities after Biden election win](https://www.reuters.com/article/us-usa-election-celebration/celebrations-erupt-in-major-u-s-cities-after-biden-election-win-idUSKBN27N0OR?il=0) | reuters.com
[Russian Media Is Angry and Desperate Over Biden Win](https://www.thedailybeast.com/joe-bidens-win-is-making-russian-media-angry-and-desperate) | thedailybeast.com
[Giuliani says Trump will file suit in Pennsylvania contesting Biden win](https://abcnews.go.com/Politics/giuliani-trump-file-suit-pennsylvania-contesting-biden-win/story?id=74078806&cid=social_twitter_abcn) | abcnews.go.com
['A Big And Special Moment': The World Celebrates Biden's Win](https://www.huffpost.com/entry/biden-win-international-reaction_n_5fa4856dc5b6f21920d96e52) | huffpost.com
[Biden To Make Victory Speech As President-Elect At 8 P.M. ET](https://www.npr.org/sections/live-updates-2020-election-results/2020/11/07/932104693/biden-to-make-victory-speech-as-president-elect-at-8-p-m-et) | npr.org
[These are the 182,000 votes that won Joe Biden the presidency](https://www.washingtonpost.com/graphics/2020/elections/vote-margin-of-victory/) | washingtonpost.com
[Work ahead, but now: the good guy won - The election of Joe Biden and the defeat of Donald Trump bring hope amidst our nation‚Äôs problems.](https://chicago.suntimes.com/columnists/2020/11/7/21554321/work-ahead-but-now-good-guy-joe-biden-won) | chicago.suntimes.com
[How Joe Biden won the U.S. presidential election](https://graphics.reuters.com/USA-ELECTION/RESULTS/jznvnjyjzvl/index.html) | graphics.reuters.com
[The Associated Press: AP VoteCast: How did Biden do it? Wide coalition powered win.](https://apnews.com/a493c68b6b947c5f90f36efef76d13c2) | apnews.com
[Trump, Who Was Golfing When Biden Became President-Elect, Refuses to Accept Defeat](https://slate.com/news-and-politics/2020/11/trump-playing-golf-biden-victory-refuses-accept-defeat.html) | slate.com
[Biden's winning strategy: Flip Rust Belt Trump states and hold on tight](https://www.reuters.com/article/us-usa-election-biden-insight/bidens-winning-strategy-flip-rust-belt-trump-states-and-hold-on-tight-idUSKBN27N0OC) | reuters.com
[World leaders congratulate Biden, Harris on US presidential victory](https://www.businessinsider.com/joe-biden-presidential-win-reactions-world-leaders-election-2020-11) | businessinsider.com
[Climate Activists Celebrate Biden Win](https://www.npr.org/sections/live-updates-2020-election-results/2020/11/07/932545118/climate-activists-celebrate-biden-win) | npr.org
[Trump watch - live: President golfs and poses for photos with a bride after Biden win](https://www.independent.co.uk/news/world/americas/us-election-2020/trump-watch-live-news-biden-twitter-today-b1679151.html?itm_channel=webnotification&itm_campaign=election2020) | independent.co.uk
[LA man detained after social media post threatening violence over Biden win](https://thehill.com/policy/national-security/524876-fbi-searches-la-home-after-social-media-post-threatening-violence) | thehill.com
[WATCH LIVE: Crowds Celebrate in DC After Biden Win](https://www.nbcwashington.com/news/politics/decision-2020/cheers-erupt-in-dc-as-joe-biden-defeats-president-trump/2466428/?amp) | nbcwashington.com
[Bernie Sanders Responds to Biden Win, Calls for a ‚ÄòNation Built on Justice, Not Greed and Bigotry‚Äô](https://variety.com/2020/politics/news/bernie-sanders-biden-win-election-responds-1234822066/) | variety.com
[Scranton celebrates an ‚Äòuplifting story‚Äô as its own Joe Biden wins the White House](https://www.inquirer.com/politics/election/joe-biden-scranton-pennsylvana-2020-election-20201107.html) | inquirer.com
[Scientists Are Relieved About A Biden Presidency. They Say The Real Work Can Start Now.](https://www.buzzfeednews.com/article/stephaniemlee/joe-biden-president-trump-scientists) | buzzfeednews.com
[Another Great Thing About Biden‚Äôs Win: There‚Äôs Going to Be Dogs in the White House Again!](https://www.vogue.com/article/biden-dog-in-the-white-house) | vogue.com
[Jubilant Biden supporters party outside the White House and stick up signs mocking ‚Äòloser‚Äô As news spread of Donald Trump‚Äôs defeat, people from all over the country gathered to sing and dance outside the mansion he will soon be obliged to move out of](https://www.independent.co.uk/news/world/americas/us-election-2020/biden-white-house-party-trump-washington-dc-b1676627.html) | independent.co.uk
[Photos: Celebrations in City Streets After Biden Win](https://www.theatlantic.com/amp/photo/617037/) | theatlantic.com
[President-elect Joe Biden to announce Covid task force on Monday](https://www.cnbc.com/2020/11/07/president-elect-joe-biden-to-announce-covid-task-force-on-monday.html) | cnbc.com
[Pro-Trump supporters on TikTok congratulate Biden for win by taking down Trump flags](https://www.usatoday.com/story/tech/2020/11/07/election-2020-trump-tiktok-users-congratulate-bidens-likely-election/6202294002/) | usatoday.com
[‚ÄòSense of calm‚Äô: Toronto mayor reacts to Joe Biden being projected winner of U.S. election](https://globalnews.ca/news/7449093/toronto-mayor-reacts-joe-biden-win/) | globalnews.ca
[Biden wins presidency, Trump denied second term in White House, Fox News projects](https://www.foxnews.com/politics/biden-wins-presidency-trump-fox-news-projects.amp) | foxnews.com
[U.S. allies greet Biden as next president despite Trump refusal to concede](https://www.reuters.com/article/us-usa-election-global-reaction/u-s-allies-greet-biden-as-next-president-despite-trump-refusal-to-concede-idUSKBN27N0T8?il=0) | reuters.com
[Joe Biden wins, onto becoming the 46th President of the United States](https://www.9news.com.au/world/us-election-2020-live-updates-final-results-winner-latest-news-november-8-trump-biden-pennsylvania-arizona-nevada-vote-count/2b2b61ac-f466-43af-a554-4e2539e3c1d1) | 9news.com.au
[How a Joe Biden Presidency Could Change U.S.-India Relations](https://time.com/5908261/joe-biden-kamala-harris-india/?utm_source=twitter&utm_medium=social&utm_campaign=editorial&utm_term=world_diplomacy&linkId=103881355) | time.com
[‚ÄúThe Chaos May End‚Äù: How DHS Employees Are Reacting To Biden's Win](https://www.buzzfeednews.com/article/hamedaleaziz/dhs-ice-employees-react-to-biden-election-win) | buzzfeednews.com
[Fireworks in London, church bells in Paris as Biden win celebrated abroad - TheHill](https://thehill.com/homenews/campaign/524962-fireworks-in-london-church-bells-in-paris-as-biden-win-celebrated-abroad) | thehill.com
[Mitt Romney, Jeb Bush among 1st prominent Republicans to recognize Biden's win](https://theweek.com/speedreads/948645/mitt-romney-jeb-bush-among-1st-prominent-republicans-recognize-bidens-win) | theweek.com
[Americans react after Biden-Harris win](https://www.pbs.org/newshour/politics/americans-celebrate-in-the-streets-after-biden-harris-win) | pbs.org
[Most world leaders express hope, relief after Biden win](https://apnews.com/article/election-2020-joe-biden-donald-trump-elections-anne-hidalgo-a4f71db8bab46c4dbc00bf02fe5ef3c1) | apnews.com
[CNN doesn't sound alarm of COVID 'superspreaders' as thousands celebrate Biden win in the streets](https://www.foxnews.com/media/2020-election-biden-superspreaders-covid-street-parties) | foxnews.com
[Profile: President-Elect Joe Biden, a life in service](https://www.aljazeera.com/news/2020/8/29/us-elections-who-is-democratic-presidential-candidate-joe-biden) | aljazeera.com
[Black Leaders Greet Biden Win, Pledge to Push for Equality](https://www.usnews.com/news/politics/articles/2020-11-07/black-leaders-greet-biden-win-pledge-to-push-for-equality) | usnews.com
[Obama leads chorus of congratulations to President-elect Joe Biden from politicians across the spectrum](https://www.nydailynews.com/news/politics/us-elections-government/ny-election-results-biden-presidency-political-congrats-20201107-oaenscabtba2jchw7hpm2svrha-story.html) | nydailynews.com
[How Republicans are reacting to Biden‚Äôs projected victory](https://www.aljazeera.com/news/2020/11/7/how-republicans-are-reacting-to-bidens-victory) | aljazeera.com
[Top congressional Republicans silent on Biden win as Trump allies remain defiant](https://www.washingtonpost.com/politics/republicans-reaction-biden-trump/2020/11/07/ab7087f0-2121-11eb-b532-05c751cd5dc2_story.html) | washingtonpost.com
[Silicon Valley leaders celebrate the Biden win ‚Äî and send a message to Trump](https://www.vox.com/recode/2020/11/7/21554408/silicon-valley-election-results-joe-biden-jeff-bezos-bill-gates-sheryl-sandberg) | vox.com
[Hollywood conservatives praise Trump, deny Joe Biden's presidential victory: 'Throw out every illegal vote'](https://www.foxnews.com/entertainment/celebrity-conservatives-praise-trump-deny-joe-biden-presidential-win-illegal-vote) | foxnews.com
[Former Trump rivals Jeb Bush, John Kasich congratulate Biden on projected election victory](https://www.foxnews.com/politics/trump-rivals-jeb-bush-john-kasich-congratulate-biden) | foxnews.com
[America‚Äôs new power couple: Mitch and Joe. How a Biden presidency and McConnell-led Senate might actually get along.](https://www.politico.com/news/2020/11/05/biden-mcconnell-relationship-434524) | politico.com
[Cindy, Meghan McCain celebrate Biden win](https://thehill.com/homenews/524957-cindy-meghan-mccain-celebrate-biden-win) | thehill.com
[As Biden wins presidency, Trump supporters insist election isn‚Äôt over as they protest his loss](https://www.washingtonpost.com/national/election-celebration-protests/2020/11/07/52a65bc2-2108-11eb-9ec3-3a81e23c4b5e_story.html) | washingtonpost.com
[How Misfortune‚Äîand Stunning Luck‚ÄîBrought Joe Biden to the Presidency](https://www.politico.com/news/magazine/2020/11/07/joe-biden-president-elect-personal-tragedy-political-fortune-434975) | politico.com",False,False,politics,Megathread: Joe Biden Projected to Defeat President Donald Trump and Win the 2020 US Presidential Election,0.88,https://www.reddit.com/r/politics/comments/jptq5n/megathread_joe_biden_projected_to_defeat/
iBlueSweatshirt,1550073928.0,aq8355,False,False,*sad beep*,False,t3_aq8355,4758,False,/r/pics/comments/aq8355/today_nasa_will_officially_have_to_say_goodbye_to/,212891,,False,False,pics,"Today, NASA will officially have to say goodbye to the little rover that could. The Mars Opportunity Rover was meant to last just 90 days and instead marched on for 14 years. It finally lost contact with earth after it was hit by a fierce dust storm.",0.97,https://i.redd.it/vc9qhyfgzcg21.jpg
achilles-_-23,1611919654.0,l7qap4,False,False,#1 MotW,False,t3_l7qap4,1766,False,/r/memes/comments/l7qap4/this_is_my_jam/,271071,,False,False,memes,This is my jam,0.99,https://i.redd.it/ycrjw204b9e61.gif
davidambart,1573756037.0,dwdllq,False,False,,False,t3_dwdllq,2491,False,/r/pics/comments/dwdllq/the_most_challenging_painting_ive_ever_done/,212687,,False,False,pics,"The most challenging painting I've ever done titled ""Recover"" #BrushstrokesinTime",0.96,https://i.redd.it/0nzln43z2py31.jpg
JesseD320,1607808225.0,kbxb0n,False,False,Backstory,False,t3_kbxb0n,4611,False,/r/pics/comments/kbxb0n/i_overcame_my_depression_and_went_for_a_hike_its/,218052,,False,False,pics,I overcame my depression and went for a hike :) It's the small things.,0.88,https://i.redd.it/aqsyinwspt461.jpg
__Augustus_,1585516106.0,frdd1d,False,False,image/gif,False,t3_frdd1d,4993,False,/r/space/comments/frdd1d/im_17_years_old_and_just_finished_building_this/,219747,,False,False,space,"I'm 17 years old and just finished building this 14.7"" f/2.89 Newtonian reflector telescope. Despite its stubby size it collects roughly 2500 times more light than the human eye and is bigger than the scope at my local observatory.",0.92,https://i.redd.it/luf6z5ghfop41.jpg
reddericks,1589225205.0,ghujvl,False,False,,False,t3_ghujvl,2777,False,/r/funny/comments/ghujvl/today_one_of_my_4th_grade_students_renamed/,211548,,False,False,funny,"Today one of my 4th grade students renamed himself ""reconecting ..."" on our Zoom call and pretended that he was having internet issues to avoid participating in our lesson.",0.97,https://imgur.com/k9p0AJQ
SUPERGUESSOUS,1591124980.0,gvdl01,False,False,,False,t3_gvdl01,8396,False,/r/PublicFreakout/comments/gvdl01/they_secluded_him_behind_a_wall_and_looked_around/,227099,,False,False,PublicFreakout,They secluded him behind a wall and looked around to see if anyone was watching so they can beat him... this is why we protest,0.95,https://v.redd.it/q356rndwpj251
Dzigi14,1586189045.0,fw1ch6,False,False,#1 MotW,False,t3_fw1ch6,2193,False,/r/memes/comments/fw1ch6/finland_op/,245310,,False,False,memes,Finland op,0.99,https://i.redd.it/ncrm4syv08r41.jpg
takethi,1573137529.0,dsylqp,False,False,,False,t3_dsylqp,10063,True,/r/pics/comments/dsylqp/picture_of_a_political_prisoner_in_one_of_chinas/,209871,,False,False,pics,"Picture of a political prisoner in one of China's internment camps, taken secretly by a family member.",0.96,https://i.redd.it/o7u3ffzyz9x31.jpg
haroldas194,1594506497.0,hpj55g,False,False,,False,t3_hpj55g,6119,False,/r/pics/comments/hpj55g/prince_andrew_says_hes_never_met_virginia_giuffre/,209023,,False,False,pics,"Prince Andrew says he's never met Virginia Giuffre, so here's them together with Ghislaine Maxwell",0.96,https://i.redd.it/gx80hyyu0ba51.jpg
mpwrd,1611975220.0,l8c0u4,False,False,News,False,t3_l8c0u4,7016,False,/r/wallstreetbets/comments/l8c0u4/used_some_of_my_gme_tendies_to_buy_nintendo/,214694,,False,False,wallstreetbets,"Used some of my GME tendies to buy Nintendo Switches from Gamestop, then donated them to a Children's Hospital. Got featured on the local news and brought glory to WSB.",0.93,https://www.nbcdfw.com/news/local/north-texas-investor-uses-gamestop-gains-help-sick-children/2537134/
jcepiano,1611184224.0,l1l3er,False,False,Politics,False,t3_l1l3er,6943,False,/r/pics/comments/l1l3er/his_first_photo_in_the_oval_office/,212884,,False,False,pics,His first photo in the Oval Office,0.77,https://i.redd.it/m0akpqa7kkc61.jpg
DeepFuckingValue,1613768755.0,lnqgz8,False,False,YOLO,False,t3_lnqgz8,12949,False,/r/wallstreetbets/comments/lnqgz8/gme_yolo_update_feb_19_2021/,222719,,False,False,wallstreetbets,GME YOLO update ‚Äî Feb 19 2021,0.96,https://i.redd.it/2xswz0h11ii61.png
84935,1611884158.0,l7feld,False,False,Meme,False,t3_l7feld,5664,False,/r/wallstreetbets/comments/l7feld/its_power_to_the_traders_now/,215381,,False,False,wallstreetbets,IT'S POWER TO THE TRADERS NOW,0.97,https://v.redd.it/lu8aekujd6e61
DeepFuckingValue,1611782135.0,l6ekdz,False,False,YOLO,False,t3_l6ekdz,14718,False,/r/wallstreetbets/comments/l6ekdz/gme_yolo_update_jan_27_2021_guess_i_need_102/,216935,,False,False,wallstreetbets,GME YOLO update ‚Äî Jan 27 2021 --------------------------------------- guess i need 102 characters in title now,0.96,https://i.redd.it/a309gkm5yxd61.png
AWildSketchAppeared,1496153840.0,6e7luk,False,False,,False,t3_6e7luk,6763,False,/r/pics/comments/6e7luk/and_here_it_is_likely_the_last_sketch_ill_ever/,207294,,False,False,pics,"And here it is: Likely the last sketch I'll ever post on Reddit. It's been a wild ride, guys and girls. Thanks for everything.",0.91,http://imgur.com/LXnMhwi
rightcoastguy,1565375556.0,co6h3d,False,False,,False,t3_co6h3d,4740,False,/r/pics/comments/co6h3d/i_got_a_cease_and_desist_for_making_the_crocs/,207269,,False,False,pics,I got a cease and desist for making the Crocs Gloves,0.96,https://i.redd.it/9xijbv8pvgf31.jpg
DeepFuckingValue,1612213656.0,lae6j0,False,False,YOLO,False,t3_lae6j0,18188,False,/r/wallstreetbets/comments/lae6j0/gme_yolo_update_feb_1_2021/,215863,,False,False,wallstreetbets,GME YOLO update ‚Äî Feb 1 2021,0.96,https://i.redd.it/og8ca1xskxe61.png
iH8myPP,1501332999.0,6qatmn,False,False,,False,t3_6qatmn,2484,False,/r/funny/comments/6qatmn/reddits_immigrants/,206388,,False,False,funny,Reddit's Immigrants,0.93,http://i.imgur.com/aI8WLTX.gifv
N301CF,1591370879.0,gx6ol5,False,False,/r/ALL,False,t3_gx6ol5,6374,False,/r/interestingasfuck/comments/gx6ol5/the_road_to_the_white_house_just_got_a_fresh/,217760,,False,False,interestingasfuck,The road to the White House just got a fresh paint job.,0.91,https://i.redd.it/up1jlc4514351.jpg
Goal1,1535988082.0,9cmazx,False,False,,False,t3_9cmazx,3663,False,/r/pics/comments/9cmazx/they_noticed_there_was_a_blank_wall_at_mcdonalds/,205966,,False,False,pics,They noticed there was a blank wall at mcdonald‚Äôs so they decided to make this fake poster of themselves. It‚Äôs now been 51 days since they hung it up.,0.92,https://i.redd.it/pavm6jjnj1k11.jpg
,1596895578.0,i5zoq5,False,False,#1 MotW,False,t3_i5zoq5,1211,False,/r/memes/comments/i5zoq5/it_took_so_many_hours/,227612,,False,False,memes,It took so many hours,0.97,https://i.redd.it/hujzswawcsf51.jpg
TheJenkinsComic,1595936143.0,hzd35i,False,False,Verified,False,t3_hzd35i,715,False,/r/funny/comments/hzd35i/sheep_in_human_clothing/,205496,,False,False,funny,Sheep in Human Clothing,0.97,https://i.redd.it/oe1haxez3ld51.png
PrettyCoolTim,1608562670.0,khiyao,False,False,,False,t3_khiyao,830,False,/r/memes/comments/khiyao/uncanny_resemblance/,257510,,False,False,memes,uncanny resemblance,0.99,https://i.redd.it/cul580390k661.jpg
heycanwedie,1569487418.0,d9gvok,False,False,,False,t3_d9gvok,3263,False,/r/memes/comments/d9gvok/simpsons_predicted_it_yet_again/,223116,,False,False,memes,Simpsons predicted it yet again,0.97,https://i.redd.it/mt1p2undiwo31.jpg
iswearidk,1482425855.0,5jrlw1,False,False,,False,t3_5jrlw1,5671,False,/r/gifs/comments/5jrlw1/1_dad_reflex_2_children/,209544,,False,False,gifs,1 dad reflex 2 children,0.98,http://i.imgur.com/Rum0zSz.gifv
WhatTheMat,1598889854.0,ik0qu9,False,False,#1 MotW,False,t3_ik0qu9,4788,False,/r/memes/comments/ik0qu9/confusing/,228852,,False,False,memes,Confusing,0.98,https://i.redd.it/2v3ucovw2dk51.jpg
MachoNachoTaco,1576718615.0,eclwg9,False,False,Trump,False,t3_eclwg9,20042,False,/r/worldnews/comments/eclwg9/trump_impeached_for_abuse_of_power/,202901,,False,False,worldnews,Trump Impeached for Abuse of Power,0.88,https://www.nytimes.com/interactive/2019/12/18/us/politics/trump-impeachment-vote.html
jcepiano,1593358827.0,hhgim2,False,False,Politics,False,t3_hhgim2,6331,False,/r/pics/comments/hhgim2/americas_response_to_the_covid19_global_pandemic/,202837,,False,False,pics,America's response to the COVID-19 global pandemic all boiled down to one picture,0.88,https://i.redd.it/0qpx06778o751.jpg
